<?xml version="1.0" encoding="UTF-8"?>
<!DOCTYPE AttributeServer>
<Profile Version="1.3">
    <SetupId>1</SetupId>
    <Device>nRF8001_Dx</Device>
    <Service Type="local" PrimaryService="true">
        <Name>TX Power</Name>
        <Uuid>1804</Uuid>
        <Characteristic>
            <Name>TX Power Level</Name>
            <Uuid>2a07</Uuid>
            <DefaultValue>0</DefaultValue>
            <UsePresentationFormat>0</UsePresentationFormat>
            <MaxDataLength>1</MaxDataLength>
            <AttributeLenType>1</AttributeLenType>
            <ForceOpen>false</ForceOpen>
            <ForceEncryption>false</ForceEncryption>
            <Properties>
                <WriteWithoutResponse>false</WriteWithoutResponse>
                <Write>false</Write>
                <Notify>false</Notify>
                <Indicate>false</Indicate>
                <Broadcast>false</Broadcast>
            </Properties>
            <SetPipe>true</SetPipe>
            <AckIsAuto>true</AckIsAuto>
            <PresentationFormatDescriptor Value="0000" Exponent="0" Format="1" NameSpace="01" Unit="0000"/>
            <PeriodForReadingThisCharacteristic>0</PeriodForReadingThisCharacteristic>
            <PeriodForProperties/>
        </Characteristic>
    </Service>
    <Service Type="local" PrimaryService="true">
        <Name>Immediate Alert</Name>
        <Uuid>1802</Uuid>
        <Characteristic>
            <Name>Alert Level</Name>
            <Uuid>2a06</Uuid>
            <DefaultValue></DefaultValue>
            <UsePresentationFormat>0</UsePresentationFormat>
            <MaxDataLength>1</MaxDataLength>
            <AttributeLenType>1</AttributeLenType>
            <ForceOpen>false</ForceOpen>
            <ForceEncryption>false</ForceEncryption>
            <Properties>
                <WriteWithoutResponse>true</WriteWithoutResponse>
                <Write>false</Write>
                <Notify>false</Notify>
                <Indicate>false</Indicate>
                <Broadcast>false</Broadcast>
            </Properties>
            <SetPipe>false</SetPipe>
            <AckIsAuto>true</AckIsAuto>
            <PresentationFormatDescriptor Value="0000" Exponent="0" Format="1" NameSpace="01" Unit="0000"/>
            <PeriodForReadingThisCharacteristic>0</PeriodForReadingThisCharacteristic>
            <PeriodForProperties/>
        </Characteristic>
    </Service>
    <Service Type="local" PrimaryService="true">
        <Name>Link Loss Alert</Name>
        <Uuid>1803</Uuid>
        <Characteristic>
            <Name>Alert Level</Name>
            <Uuid>2a06</Uuid>
            <DefaultValue>0</DefaultValue>
            <UsePresentationFormat>0</UsePresentationFormat>
            <MaxDataLength>1</MaxDataLength>
            <AttributeLenType>1</AttributeLenType>
            <ForceOpen>false</ForceOpen>
            <ForceEncryption>false</ForceEncryption>
            <Properties>
                <WriteWithoutResponse>false</WriteWithoutResponse>
                <Write>true</Write>
                <Notify>false</Notify>
                <Indicate>false</Indicate>
                <Broadcast>false</Broadcast>
            </Properties>
            <SetPipe>false</SetPipe>
            <AckIsAuto>true</AckIsAuto>
            <PresentationFormatDescriptor Value="0000" Exponent="0" Format="1" NameSpace="01" Unit="0000"/>
            <PeriodForReadingThisCharacteristic>0</PeriodForReadingThisCharacteristic>
            <PeriodForProperties/>
        </Characteristic>
    </Service>
    <Service Type="local" PrimaryService="true">
        <Name>Battery</Name>
        <Uuid>180f</Uuid>
        <Characteristic>
            <Name>Battery Level</Name>
            <Uuid>2a19</Uuid>
            <DefaultValue>64</DefaultValue>
            <UsePresentationFormat>0</UsePresentationFormat>
            <MaxDataLength>1</MaxDataLength>
            <AttributeLenType>1</AttributeLenType>
            <ForceOpen>false</ForceOpen>
            <ForceEncryption>false</ForceEncryption>
            <Properties>
                <WriteWithoutResponse>false</WriteWithoutResponse>
                <Write>false</Write>
                <Notify>true</Notify>
                <Indicate>false</Indicate>
                <Broadcast>false</Broadcast>
            </Properties>
            <SetPipe>true</SetPipe>
            <AckIsAuto>false</AckIsAuto>
            <PresentationFormatDescriptor Value="0000" Exponent="0" Format="4" NameSpace="01" Unit="27AD"/>
            <PeriodForReadingThisCharacteristic>0</PeriodForReadingThisCharacteristic>
            <PeriodForProperties/>
        </Characteristic>
    </Service>
    <Service Type="remote" PrimaryService="true">
        <Name>Immediate Alert</Name>
        <Uuid>1802</Uuid>
        <Characteristic>
            <Name>Alert Level</Name>
            <Uuid>2a06</Uuid>
            <DefaultValue>0</DefaultValue>
            <UsePresentationFormat>0</UsePresentationFormat>
            <MaxDataLength>1</MaxDataLength>
            <AttributeLenType>1</AttributeLenType>
            <ForceOpen>false</ForceOpen>
            <ForceEncryption>false</ForceEncryption>
            <Properties>
                <Read>false</Read>
                <WriteWithoutResponse>true</WriteWithoutResponse>
                <Write>false</Write>
                <Notify>false</Notify>
                <Indicate>false</Indicate>
                <Broadcast>false</Broadcast>
            </Properties>
            <AckIsAuto>true</AckIsAuto>
            <PresentationFormatDescriptor Value="0000" Exponent="0" Format="1" NameSpace="01" Unit="0000"/>
            <PeriodForReadingThisCharacteristic>0</PeriodForReadingThisCharacteristic>
            <PeriodForProperties/>
        </Characteristic>
    </Service>
    <Service Type="local" PrimaryService="true">
        <Name>Device Information</Name>
        <Uuid>180a</Uuid>
        <Characteristic>
            <Name>Hardware Revision String</Name>
            <Uuid>2a27</Uuid>
            <DefaultValue></DefaultValue>
            <UsePresentationFormat>0</UsePresentationFormat>
            <MaxDataLength>9</MaxDataLength>
            <AttributeLenType>2</AttributeLenType>
            <ForceOpen>false</ForceOpen>
            <ForceEncryption>false</ForceEncryption>
            <Properties>
                <WriteWithoutResponse>false</WriteWithoutResponse>
                <Write>false</Write>
                <Notify>false</Notify>
                <Indicate>false</Indicate>
                <Broadcast>false</Broadcast>
            </Properties>
            <SetPipe>true</SetPipe>
            <AckIsAuto>false</AckIsAuto>
            <PresentationFormatDescriptor Value="0000" Exponent="0" Format="25" NameSpace="01" Unit="0000"/>
            <PeriodForReadingThisCharacteristic>0</PeriodForReadingThisCharacteristic>
            <PeriodForProperties/>
        </Characteristic>
    </Service>
    <Service Type="local" PrimaryService="true">
        <Name>Proximity Monitoring</Name>
        <Uuid BaseUUID="3E090000293F11E493BDAFD0FE6D1DFD" BaseUUIDName="Custom base 1">9910</Uuid>
        <Characteristic>
            <Name>Client Proximity</Name>
            <Uuid BaseUUID="3E090000293F11E493BDAFD0FE6D1DFD" BaseUUIDName="Custom base 1">9911</Uuid>
            <DefaultValue>0000</DefaultValue>
            <UsePresentationFormat>0</UsePresentationFormat>
            <MaxDataLength>2</MaxDataLength>
            <AttributeLenType>1</AttributeLenType>
            <ForceOpen>false</ForceOpen>
            <ForceEncryption>false</ForceEncryption>
            <Properties>
                <WriteWithoutResponse>true</WriteWithoutResponse>
                <Write>false</Write>
                <Notify>false</Notify>
                <Indicate>false</Indicate>
                <Broadcast>false</Broadcast>
            </Properties>
            <SetPipe>false</SetPipe>
            <AckIsAuto>false</AckIsAuto>
            <PresentationFormatDescriptor Value="0000" Exponent="0" Format="1" NameSpace="01" Unit="0000"/>
            <PeriodForReadingThisCharacteristic>0</PeriodForReadingThisCharacteristic>
            <PeriodForProperties/>
        </Characteristic>
    </Service>
    <Service Type="local" PrimaryService="true">
        <Name>Time Monitoring</Name>
        <Uuid BaseUUID="3E090000293F11E493BDAFD0FE6D1DFD" BaseUUIDName="Custom base 1">9912</Uuid>
        <Characteristic>
            <Name>Client Time</Name>
            <Uuid BaseUUID="3E090000293F11E493BDAFD0FE6D1DFD" BaseUUIDName="Custom base 1">9913</Uuid>
            <DefaultValue>00</DefaultValue>
            <UsePresentationFormat>0</UsePresentationFormat>
            <MaxDataLength>7</MaxDataLength>
            <AttributeLenType>1</AttributeLenType>
            <ForceOpen>false</ForceOpen>
            <ForceEncryption>false</ForceEncryption>
            <Properties>
                <WriteWithoutResponse>true</WriteWithoutResponse>
                <Write>false</Write>
                <Notify>false</Notify>
                <Indicate>false</Indicate>
                <Broadcast>false</Broadcast>
            </Properties>
            <SetPipe>false</SetPipe>
            <AckIsAuto>false</AckIsAuto>
            <PresentationFormatDescriptor Value="0000" Exponent="0" Format="1" NameSpace="01" Unit="0000"/>
            <PeriodForReadingThisCharacteristic>0</PeriodForReadingThisCharacteristic>
            <PeriodForProperties/>
        </Characteristic>
    </Service>
    <Gapsettings>
        <Name>PROXIMITY 1.2</Name>
        <DeviceNameWriteLength>0</DeviceNameWriteLength>
        <LocalPipeOnDeviceName>false</LocalPipeOnDeviceName>
        <DeviceNameShortLength>9</DeviceNameShortLength>
        <Apperance>0240</Apperance>
        <SecurityLevel>1</SecurityLevel>
        <AuthenticationReq>0</AuthenticationReq>
        <IoCapabilities>0</IoCapabilities>
        <BondTimeout>600</BondTimeout>
        <SecurityRequestDelay>99</SecurityRequestDelay>
        <MinimumKeySize>7</MinimumKeySize>
        <MaximumKeySize>16</MaximumKeySize>
        <AdvertisingDataBondedBitmap>c2f</AdvertisingDataBondedBitmap>
        <AdvertisingDataGeneralBitmap>5f</AdvertisingDataGeneralBitmap>
        <AdvertisingDataBrodcastBitmap>0</AdvertisingDataBrodcastBitmap>
        <AdvertisingDataBondedScanResponseBitmap>2d4f</AdvertisingDataBondedScanResponseBitmap>
        <AdvertisingDataGeneralScanResponseBitmap>2d4f</AdvertisingDataGeneralScanResponseBitmap>
        <AdvertisingDataBrodcastScanResponseBitmap>0</AdvertisingDataBrodcastScanResponseBitmap>
        <AdvertisingDataBondedBitmapCustom>1</AdvertisingDataBondedBitmapCustom>
        <AdvertisingDataGeneralBitmapCustom>1</AdvertisingDataGeneralBitmapCustom>
        <AdvertisingDataBrodcastBitmapCustom>0</AdvertisingDataBrodcastBitmapCustom>
        <AdvertisingDataBondedScanResponseBitmapCustom>0</AdvertisingDataBondedScanResponseBitmapCustom>
        <AdvertisingDataGeneralScanResponseBitmapCustom>0</AdvertisingDataGeneralScanResponseBitmapCustom>
        <AdvertisingDataBrodcastScanResponseBitmapCustom>0</AdvertisingDataBrodcastScanResponseBitmapCustom>
        <TxPowerLevelOffset>0</TxPowerLevelOffset>
        <MinimumConnectionInterval>400</MinimumConnectionInterval>
        <MaximumConnectionInterval>800</MaximumConnectionInterval>
        <SlaveLatency>0</SlaveLatency>
        <TimeoutMultipler>600</TimeoutMultipler>
        <AddServiceUpdateCharacteristic>false</AddServiceUpdateCharacteristic>
        <AddServiceUpdateCharacteristicPipe>false</AddServiceUpdateCharacteristicPipe>
        <TimingChangeDelay>5</TimingChangeDelay>
        <ServiceToAdvertise>
            <Uuid>1802</Uuid>
        </ServiceToAdvertise>
        <ServiceToAdvertise>
            <Uuid>1803</Uuid>
        </ServiceToAdvertise>
        <SercieToSolicitate>
            <Uuid>1802</Uuid>
        </SercieToSolicitate>
        <CustomAdTypes>
            <AdType index="1">
                <Type>19</Type>
                <Value>4002</Value>
            </AdType>
            <AdType index="2">
                <Type>18</Type>
                <Value></Value>
            </AdType>
        </CustomAdTypes>
    </Gapsettings>
    <Hardwaresettings>
        <Clocksource>1</Clocksource>
        <ClockAccuracy>1</ClockAccuracy>
        <InitialTxPower>3</InitialTxPower>
        <HfClkSource>0</HfClkSource>
        <DcDcConverter>0</DcDcConverter>
        <ActiveSignalModeIndex>0</ActiveSignalModeIndex>
        <ActiveSignalToTickDistance>0</ActiveSignalToTickDistance>
        <DynamicWindowLimitingEnabled>true</DynamicWindowLimitingEnabled>
    </Hardwaresettings>
    <CurrentInput>
        <BatteryCharge>220</BatteryCharge>
        <Master32KhzClockAccuracy>10</Master32KhzClockAccuracy>
        <ConnectionInterval>1000</ConnectionInterval>
        <PercentOfTimeSleeping>0</PercentOfTimeSleeping>
        <PercentOfTimeAdvertising>0</PercentOfTimeAdvertising>
        <AdvertisingInterval>1280</AdvertisingInterval>
    </CurrentInput>
</Profile>
